"title","rating"
"Chamber Italian","NC-17"
"Bright Encounters","PG-13"
"Academy Dinosaur","PG"
"Ace Goldfinger","G"
"Adaptation Holes","NC-17"
"Affair Prejudice","G"
"African Egg","G"
"Agent Truman","PG"
"Airplane Sierra","PG-13"
"Alabama Devil","PG-13"
"Aladdin Calendar","NC-17"
"Alamo Videotape","G"
"Alaska Phantom","PG"
"Ali Forever","PG"
"Alice Fantasia","NC-17"
"Alien Center","NC-17"
"Alley Evolution","NC-17"
"Alter Victory","PG-13"
"Amadeus Holy","PG"
"Amistad Midsummer","G"
"Angels Life","G"
"Annie Identity","G"
"Anonymous Human","NC-17"
"Anthem Luke","PG-13"
"Antitrust Tomatoes","NC-17"
"Apache Divine","NC-17"
"Apollo Teen","PG-13"
"Arabia Dogma","NC-17"
"Arachnophobia Rollercoaster","PG-13"
"Argonauts Town","PG-13"
"Arizona Bang","PG"
"Ark Ridgemont","NC-17"
"Armageddon Lost","G"
"Arsenic Independence","PG"
"Artist Coldblooded","NC-17"
"Dying Maker","PG"
"Atlantis Cause","G"
"Attacks Hate","PG-13"
"Attraction Newton","PG-13"
"Autumn Crow","G"
"Baby Hall","NC-17"
"Backlash Undefeated","PG-13"
"Baked Cleopatra","G"
"Casualties Encino","G"
"Balloon Homeward","NC-17"
"Ballroom Mockingbird","G"
"Bang Kwai","NC-17"
"Barbarella Streetcar","G"
"Barefoot Manchurian","G"
"Basic Easy","PG-13"
"Beach Heartbreakers","G"
"Beauty Grease","G"
"Bed Highball","NC-17"
"Bedazzled Married","PG"
"Beethoven Exorcist","PG-13"
"Behavior Runaway","PG"
"Beneath Rush","NC-17"
"Berets Agent","PG-13"
"Betrayed Rear","NC-17"
"Bikini Borrowers","NC-17"
"Bilko Anonymous","PG-13"
"Bill Others","PG"
"Bingo Talented","PG-13"
"Birch Antitrust","PG"
"Bird Independence","G"
"Birdcage Casper","NC-17"
"Birds Perdition","G"
"Blackout Private","PG"
"Blade Polish","PG-13"
"Blanket Beverly","G"
"Blindness Gun","PG-13"
"Blood Argonauts","G"
"Blues Instinct","G"
"Boiled Dares","PG"
"Bonnie Holocaust","G"
"Boondock Ballroom","NC-17"
"Born Spinal","PG"
"Borrowers Bedazzled","G"
"Bound Cheaper","PG"
"Bowfinger Gables","NC-17"
"Brannigan Sunrise","PG"
"Braveheart Human","PG-13"
"Breakfast Goldfinger","G"
"Breaking Home","PG-13"
"Bride Intrigue","G"
"Bringing Hysterical","PG"
"Bucket Brotherhood","PG"
"Bugsy Song","G"
"Bull Shawshank","NC-17"
"Bulworth Commandments","G"
"Bunch Minds","G"
"Butch Panther","PG-13"
"Butterfly Chocolat","G"
"Cabin Flash","NC-17"
"Caddyshack Jedi","NC-17"
"Calendar Gunfight","NC-17"
"California Birds","NC-17"
"Camelot Vacation","NC-17"
"Candles Grapes","NC-17"
"Caper Motions","G"
"Caribbean Liberty","NC-17"
"Carol Texas","PG"
"Carrie Bunch","PG"
"Casablanca Super","G"
"Casper Dragonfly","PG-13"
"Cassidy Wyoming","NC-17"
"Cat Coneheads","G"
"Catch Amistad","G"
"Celebrity Horn","PG-13"
"Center Dinosaur","PG"
"Chainsaw Uptown","PG"
"Champion Flatliners","PG"
"Clash Freddy","G"
"Chaplin License","NC-17"
"Charade Duffel","PG"
"Chasing Fight","PG"
"Cheaper Clyde","G"
"Chicago North","PG-13"
"Chicken Hellfighters","PG"
"Chill Luck","PG"
"Chinatown Gladiator","PG"
"Chisum Behavior","G"
"Chitty Lock","G"
"Chocolat Harry","NC-17"
"Christmas Moonshine","NC-17"
"Cider Desire","PG"
"Cincinatti Whisperer","NC-17"
"Circus Youth","PG-13"
"Citizen Shrek","G"
"Cleopatra Devil","PG-13"
"Clerks Angels","G"
"Clockwork Paradise","PG-13"
"Club Graffiti","PG-13"
"Clue Grail","NC-17"
"Clyde Theory","PG-13"
"Coast Rainbow","PG"
"Core Suit","PG-13"
"Coldblooded Darling","G"
"Color Philadelphia","G"
"Coma Head","NC-17"
"Comforts Rush","NC-17"
"Command Darling","PG-13"
"Coneheads Smoochy","NC-17"
"Confessions Maguire","PG-13"
"Confidential Interview","NC-17"
"Confused Candles","PG-13"
"Congeniality Quest","PG-13"
"Connection Microcosmos","G"
"Conquerer Nuts","G"
"Conspiracy Spirit","PG-13"
"Contact Anonymous","PG-13"
"Control Anthem","G"
"Cowboy Doom","PG"
"Craft Outfield","NC-17"
"Cranes Reservoir","NC-17"
"Crazy Home","PG"
"Creatures Shakespeare","NC-17"
"Creepers Kane","NC-17"
"Crooked Frogmen","PG-13"
"Crossroads Casualties","G"
"Crow Grease","PG"
"Cruelty Unforgiven","G"
"Crystal Breaking","NC-17"
"Curtain Videotape","PG-13"
"Cyclone Family","PG"
"Daddy Pittsburgh","G"
"Daisy Menagerie","G"
"Dalmations Sweden","PG"
"Dances None","NC-17"
"Dancing Fever","G"
"Dangerous Uptown","PG"
"Dares Pluto","PG-13"
"Darkness War","NC-17"
"Darko Dorado","NC-17"
"Darling Breaking","PG-13"
"Darn Forrester","G"
"Daughter Madigan","PG-13"
"Dawn Pond","PG"
"Day Unfaithful","G"
"Dazed Punk","G"
"Deceiver Betrayed","NC-17"
"Deep Crusade","PG-13"
"Deer Virginian","NC-17"
"Desire Alien","NC-17"
"Desperate Trainspotting","G"
"Destination Jerk","PG-13"
"Destiny Saturday","G"
"Detective Vision","PG-13"
"Diary Panic","G"
"Dirty Ace","NC-17"
"Disciple Mother","PG"
"Divide Monster","PG-13"
"Divorce Shining","G"
"Doctor Grail","G"
"Dogma Family","G"
"Dolls Rage","PG-13"
"Donnie Alley","NC-17"
"Doors President","NC-17"
"Dorado Notting","NC-17"
"Downhill Enough","G"
"Dozen Lion","NC-17"
"Dracula Crystal","G"
"Dragon Squad","NC-17"
"Dragonfly Strangers","NC-17"
"Dream Pickup","PG"
"Drifter Commandments","PG-13"
"Driver Annie","PG-13"
"Driving Polish","NC-17"
"Drumline Cyclone","G"
"Drums Dynamite","PG"
"Duck Racer","NC-17"
"Dude Blindness","G"
"Duffel Apocalypse","G"
"Dumbo Lust","NC-17"
"Dwarfs Alter","G"
"Dynamite Tarzan","PG-13"
"Eagles Panky","NC-17"
"Early Home","NC-17"
"Earth Vision","NC-17"
"Easy Gladiator","G"
"Edge Kissing","NC-17"
"Effect Gladiator","PG"
"Egg Igby","PG"
"Egypt Tenenbaums","PG"
"Element Freddy","NC-17"
"Elephant Trojan","PG-13"
"Elf Murder","NC-17"
"Elizabeth Shane","NC-17"
"Empire Malkovich","G"
"Encino Elf","G"
"Encounters Curtain","NC-17"
"Ending Crowds","NC-17"
"Enemy Odds","NC-17"
"English Bulworth","PG-13"
"Enough Raging","NC-17"
"Eve Resurrection","G"
"Everyone Craft","PG"
"Evolution Alter","PG-13"
"Excitement Eve","G"
"Exorcist Sting","G"
"Expecations Natural","PG-13"
"Expendable Stallion","PG"
"Extraordinary Conquerer","G"
"Eyes Driving","PG-13"
"Factory Dragon","PG-13"
"Falcon Volume","PG-13"
"Fantasia Park","G"
"Fantasy Troopers","PG-13"
"Fargo Gandhi","G"
"Fatal Haunted","PG"
"Feathers Metal","PG-13"
"Fellowship Autumn","NC-17"
"Ferris Mother","PG"
"Fiction Christmas","PG"
"Fidelity Devil","G"
"Fireball Philadelphia","PG"
"Firehouse Vietnam","G"
"Flamingos Connecticut","PG-13"
"Flash Wars","NC-17"
"Flatliners Killer","G"
"Flintstones Happiness","PG-13"
"Floats Garden","PG-13"
"Flying Hook","NC-17"
"Fool Mockingbird","PG"
"Forever Candidate","NC-17"
"Forrester Comancheros","NC-17"
"Forward Temple","NC-17"
"Frankenstein Stranger","NC-17"
"Freddy Storm","NC-17"
"Freedom Cleopatra","PG-13"
"French Holiday","PG"
"Frisco Forrest","PG"
"Frontier Cabin","PG-13"
"Frost Head","PG"
"Full Flatliners","PG"
"Fury Murder","PG-13"
"Gables Metropolis","PG"
"Games Bowfinger","PG-13"
"Gandhi Kwai","PG-13"
"Gangs Pride","PG-13"
"Garden Island","G"
"Gaslight Crusade","PG"
"Gathering Calendar","PG-13"
"Gentlemen Stage","NC-17"
"Ghost Groundhog","G"
"Gilbert Pelican","G"
"Gladiator Westward","PG"
"Glass Dying","G"
"Gleaming Jawbreaker","NC-17"
"Glory Tracy","PG-13"
"Godfather Diary","NC-17"
"Goldfinger Sensibility","G"
"Goodfellas Salute","PG"
"Gosford Donnie","G"
"Graduate Lord","G"
"Graffiti Love","PG"
"Grail Frankenstein","NC-17"
"Grapes Fury","G"
"Grease Youth","G"
"Greatest North","NC-17"
"Greek Everyone","PG"
"Grit Clockwork","PG"
"Groove Fiction","NC-17"
"Groundhog Uncut","PG-13"
"Gump Date","NC-17"
"Gun Bonnie","G"
"Gunfight Moon","NC-17"
"Gunfighter Mussolini","PG-13"
"Half Outfield","PG-13"
"Hall Cassidy","NC-17"
"Halloween Nuts","PG-13"
"Identity Lover","PG-13"
"Hanging Deep","G"
"Hanky October","NC-17"
"Hanover Galaxy","NC-17"
"Happiness United","G"
"Harold French","NC-17"
"Harper Dying","G"
"Harry Idaho","PG-13"
"Hate Handicap","PG"
"Haunted Antitrust","NC-17"
"Hawk Chill","PG-13"
"Heartbreakers Bright","G"
"Heaven Freedom","PG"
"Heavenly Gun","NC-17"
"Heavyweights Beast","G"
"Hedwig Alter","NC-17"
"Hellfighters Sierra","PG"
"Hills Neighbors","G"
"Hobbit Alien","PG-13"
"Hocus Frida","G"
"Holes Brannigan","PG"
"Holiday Games","PG-13"
"Hollow Jeopardy","NC-17"
"Hollywood Anonymous","PG"
"Homicide Peach","PG-13"
"Hook Chariots","G"
"Idols Snatchers","NC-17"
"Hoosiers Birdcage","G"
"Hope Tootsie","NC-17"
"Horn Working","PG"
"Hotel Happiness","PG-13"
"Hours Rage","NC-17"
"Human Graffiti","NC-17"
"Hunchback Impossible","PG-13"
"Hunger Roof","G"
"Hunter Alter","PG-13"
"Hunting Musketeers","NC-17"
"Hurricane Affair","PG"
"Hustler Party","NC-17"
"Hyde Doctor","G"
"Hysterical Grail","PG"
"Idaho Love","PG-13"
"Igby Maker","NC-17"
"Image Princess","PG-13"
"Impact Aladdin","PG-13"
"Impossible Prejudice","NC-17"
"Inch Jet","NC-17"
"Independence Hotel","NC-17"
"Indian Love","NC-17"
"Informer Double","NC-17"
"Innocent Usual","PG-13"
"Insects Stone","NC-17"
"Insider Arizona","NC-17"
"Instinct Airport","PG"
"Intentions Empire","PG-13"
"Intolerable Intentions","PG-13"
"Intrigue Worst","G"
"Invasion Cyclone","PG"
"Iron Moon","PG"
"Island Exorcist","NC-17"
"Italian African","G"
"Jacket Frisco","PG-13"
"Jade Bunch","NC-17"
"Japanese Run","G"
"Jason Trap","NC-17"
"Jawbreaker Brooklyn","PG"
"Jaws Harry","G"
"Jedi Beneath","PG"
"Jekyll Frogmen","PG"
"Jericho Mulan","NC-17"
"Jerk Paycheck","NC-17"
"Jersey Sassy","PG"
"Jingle Sagebrush","PG-13"
"Joon Northwest","NC-17"
"Juggler Hardly","PG-13"
"Jumanji Blade","G"
"Jumping Wrath","NC-17"
"Jungle Closer","NC-17"
"Karate Moon","PG-13"
"Kentuckian Giant","PG"
"Kick Savannah","PG-13"
"Kill Brotherhood","G"
"King Evolution","NC-17"
"Kiss Glory","PG-13"
"Knock Warlock","PG-13"
"Kwai Homeward","PG-13"
"Labyrinth League","PG-13"
"Rush Goodfellas","PG"
"Lady Stage","PG"
"Ladybugs Armageddon","NC-17"
"Lambs Cincinatti","PG-13"
"Language Cowboy","NC-17"
"Lawless Vision","G"
"Lawrence Love","NC-17"
"League Hellfighters","PG-13"
"Leathernecks Dwarfs","PG-13"
"Lebowski Soldiers","PG-13"
"Legally Secretary","PG"
"Legend Jedi","PG"
"Lesson Cleopatra","NC-17"
"Liaisons Sweet","PG"
"Liberty Magnificent","G"
"License Weekend","NC-17"
"Lies Treatment","NC-17"
"Life Twisted","NC-17"
"Mars Roman","NC-17"
"Lion Uncut","PG"
"Lola Agent","PG"
"Lolita World","NC-17"
"Lonely Elephant","G"
"Lord Arizona","PG-13"
"Loser Hustler","PG"
"Lost Bird","PG-13"
"Louisiana Harry","PG-13"
"Lovely Jingle","PG"
"Lover Truman","G"
"Loverboy Attacks","PG-13"
"Luck Opus","NC-17"
"Lucky Flying","PG-13"
"Luke Mummy","NC-17"
"Mask Peach","NC-17"
"Lust Lock","G"
"Madness Attacks","PG-13"
"Madre Gables","PG-13"
"Magic Mallrats","PG"
"Magnolia Forrester","PG-13"
"Maguire Apache","NC-17"
"Maiden Home","PG"
"Majestic Floats","PG"
"Maker Gables","PG-13"
"Malkovich Pet","G"
"Mallrats United","PG"
"Maltese Hope","PG-13"
"Manchurian Curtain","PG"
"Mannequin Worst","PG-13"
"Married Go","G"
"Masked Bubble","PG-13"
"Massage Image","PG"
"Matrix Snowman","PG-13"
"Meet Chocolate","G"
"Memento Zoolander","NC-17"
"Menagerie Rushmore","G"
"Mermaid Insects","NC-17"
"Metal Armageddon","PG-13"
"Metropolis Coma","PG-13"
"Microcosmos Paradise","PG-13"
"Midnight Westward","G"
"Midsummer Groundhog","G"
"Mighty Luck","PG"
"Mile Mulan","PG"
"Million Ace","PG-13"
"Minds Truman","PG-13"
"Mine Titans","PG-13"
"Minority Kiss","G"
"Miracle Virtual","PG-13"
"Mission Zoolander","PG-13"
"Mixed Doors","PG-13"
"Mob Duffel","G"
"Mockingbird Hollywood","PG"
"Mod Secretary","NC-17"
"Model Fish","NC-17"
"Modern Dorado","PG"
"Money Harold","PG"
"Monsoon Cause","PG"
"Monster Spartacus","PG"
"Monterey Labyrinth","G"
"Montezuma Command","NC-17"
"Moon Bunch","PG"
"Moonshine Cabin","PG-13"
"Moonwalker Fool","G"
"Mosquito Armageddon","G"
"Motions Details","PG"
"Moulin Wake","PG-13"
"Mourning Purple","PG"
"Movie Shakespeare","PG"
"Mulan Moon","G"
"Mulholland Beast","PG"
"Mummy Creatures","NC-17"
"Muppet Mile","PG"
"Murder Antitrust","PG"
"Muscle Bright","G"
"Musketeers Wait","PG"
"Mussolini Spoilers","G"
"Mystic Truman","NC-17"
"Name Detective","PG-13"
"Nash Chocolat","PG-13"
"National Story","NC-17"
"Natural Stock","PG-13"
"Necklace Outbreak","PG"
"Nemo Campus","NC-17"
"Network Peak","PG-13"
"Newsies Story","G"
"Newton Labyrinth","PG"
"Nightmare Chill","PG"
"None Spiking","NC-17"
"Noon Papi","G"
"North Tequila","NC-17"
"Northwest Polish","PG"
"Notorious Reunion","NC-17"
"Notting Speakeasy","PG-13"
"Novocaine Flight","G"
"Nuts Ties","NC-17"
"October Submarine","PG-13"
"Odds Boogie","NC-17"
"Oklahoma Jumanji","PG"
"Oleander Clue","PG"
"Open African","PG"
"Operation Operation","G"
"Opposite Necklace","PG"
"Orange Grapes","PG-13"
"Order Betrayed","PG-13"
"Oscar Gold","PG"
"Others Soup","PG"
"Outbreak Divine","NC-17"
"Outfield Massacre","NC-17"
"Outlaw Hanky","PG-13"
"Pacific Amistad","G"
"Packer Madigan","PG-13"
"Panic Club","G"
"Panky Submarine","G"
"Panther Reds","NC-17"
"Papi Necklace","PG"
"Paradise Sabrina","PG-13"
"Paris Weekend","PG-13"
"Park Citizen","PG-13"
"Party Knock","PG"
"Past Suicides","PG-13"
"Paths Control","PG"
"Patient Sister","NC-17"
"Patriot Roman","PG"
"Patton Interview","PG"
"Paycheck Wait","PG-13"
"Peach Innocent","PG-13"
"Peak Forever","PG"
"Pearl Destiny","NC-17"
"Pelican Comforts","PG"
"Perdition Fargo","NC-17"
"Perfect Groove","PG-13"
"Personal Ladybugs","PG-13"
"Pet Haunting","PG"
"Phantom Glory","NC-17"
"Philadelphia Wife","PG-13"
"Pianist Outfield","NC-17"
"Pickup Driving","G"
"Pilot Hoosiers","PG"
"Pinocchio Simon","PG"
"Pirates Roxanne","PG"
"Pittsburgh Hunchback","PG-13"
"Pity Bound","NC-17"
"Pizza Jumanji","NC-17"
"Platoon Instinct","PG-13"
"Pocus Pulp","NC-17"
"Polish Brooklyn","PG"
"Pollock Deliverance","PG"
"Pond Seattle","PG-13"
"Poseidon Forever","PG-13"
"Potluck Mixed","G"
"Potter Connecticut","PG"
"Prejudice Oleander","PG-13"
"President Bang","PG"
"Pride Alamo","NC-17"
"Primary Glass","G"
"Princess Giant","NC-17"
"Private Drop","PG"
"Psycho Shrunk","PG-13"
"Pulp Beverly","G"
"Punk Divorce","PG"
"Pure Runner","NC-17"
"Queen Luke","PG"
"Racer Egg","NC-17"
"Raiders Antitrust","PG-13"
"Rainbow Shock","PG"
"Random Go","NC-17"
"Range Moonwalker","PG"
"Reap Unfaithful","PG-13"
"Rear Trading","NC-17"
"Rebel Airport","G"
"Records Zorro","PG"
"Redemption Comforts","NC-17"
"Reds Pocus","PG-13"
"Reef Salute","NC-17"
"Reign Gentlemen","PG-13"
"Reservoir Adaptation","PG-13"
"Resurrection Silverado","PG"
"Rider Caddyshack","PG"
"Ridgemont Submarine","PG-13"
"Right Cranes","PG-13"
"Rings Heartbreakers","G"
"River Outlaw","PG-13"
"Robbers Joon","PG-13"
"Rock Instinct","G"
"Rocketeer Mother","PG-13"
"Rocky War","PG-13"
"Rollercoaster Bringing","PG-13"
"Roman Punk","NC-17"
"Room Roman","PG"
"Roots Remember","PG-13"
"Roses Treasure","PG-13"
"Rouge Squad","NC-17"
"Rugrats Shakespeare","PG-13"
"Runaway Tenenbaums","NC-17"
"Runner Madigan","NC-17"
"Rushmore Mermaid","PG-13"
"Sabrina Midnight","PG"
"Saddle Antitrust","PG-13"
"Sagebrush Clueless","G"
"Saints Bride","G"
"Samurai Lion","G"
"Santa Paris","PG"
"Sassy Packer","G"
"Satisfaction Confidential","G"
"Saturday Lambs","G"
"Savannah Town","PG-13"
"Scalawag Duck","NC-17"
"Scarface Bang","PG-13"
"School Jacket","PG-13"
"Scissorhands Slums","G"
"Scorpion Apollo","NC-17"
"Sea Virgin","PG"
"Seabiscuit Punk","NC-17"
"Searchers Wait","NC-17"
"Seattle Expecations","PG-13"
"Secret Groundhog","PG"
"Secretary Rouge","PG"
"Secrets Paradise","G"
"Sensibility Rear","PG"
"Shakespeare Saddle","PG-13"
"Shane Darkness","PG"
"Shanghai Tycoon","PG"
"Shawshank Bubble","PG"
"Shining Roses","G"
"Shock Cabin","PG-13"
"Shootist Superfly","PG-13"
"Show Lord","PG-13"
"Shrek License","PG-13"
"Side Ark","G"
"Sierra Divide","NC-17"
"Silverado Goldfinger","PG"
"Simon North","NC-17"
"Sinners Atlantis","PG-13"
"Sister Freddy","PG-13"
"Sky Miracle","PG"
"Sleeping Suspects","PG-13"
"Sleepless Monsoon","G"
"Sleepy Japanese","PG"
"Sleuth Orient","NC-17"
"Slipper Fidelity","PG-13"
"Slums Duck","PG"
"Smile Earring","G"
"Smoking Barbarella","PG-13"
"Snatch Slipper","PG"
"Snatchers Montezuma","PG-13"
"Snowman Rollercoaster","G"
"Something Duck","NC-17"
"Song Hedwig","PG-13"
"Sons Interview","NC-17"
"Sorority Queen","NC-17"
"Spartacus Cheaper","NC-17"
"Speakeasy Date","PG-13"
"Speed Suit","PG-13"
"Spice Sorority","NC-17"
"Spiking Element","G"
"Spinal Rocky","PG-13"
"Spirited Casualties","PG-13"
"Splash Gump","PG"
"Spoilers Hellfighters","G"
"Spy Mile","PG-13"
"Squad Fish","PG"
"Stage World","PG"
"Stallion Sundance","PG-13"
"Star Operation","PG"
"State Wasteland","NC-17"
"Steel Santa","NC-17"
"Steers Armageddon","PG"
"Stepmom Dream","NC-17"
"Sting Personal","NC-17"
"Stock Glass","PG"
"Stone Fire","G"
"Storm Happiness","NC-17"
"Strangelove Desire","NC-17"
"Stranger Strangers","G"
"Streak Ridgemont","PG-13"
"Strictly Scarface","PG-13"
"Sugar Wonka","PG"
"Suicides Silence","G"
"Summer Scarface","G"
"Sundance Invasion","NC-17"
"Sunrise League","PG-13"
"Sunset Racer","NC-17"
"Super Wyoming","PG"
"Superfly Trip","PG"
"Suspects Quills","PG"
"Swarm Gold","PG-13"
"Sweden Shining","PG"
"Timberland Sky","G"
"Sweethearts Suspects","G"
"Tadpole Park","PG"
"Talented Homicide","PG"
"Tarzan Videotape","PG-13"
"Taxi Kick","PG-13"
"Teen Apollo","G"
"Telegraph Voyage","PG"
"Telemark Heartbreakers","PG-13"
"Temple Attraction","PG"
"Tenenbaums Command","PG-13"
"Tequila Past","PG"
"Texas Watch","NC-17"
"Theory Mermaid","PG-13"
"Thief Pelican","PG-13"
"Thin Sagebrush","PG-13"
"Titans Jerk","PG"
"Tomatoes Hellfighters","PG"
"Tootsie Pilot","PG"
"Torque Bound","G"
"Tourist Pelican","PG-13"
"Towers Hurricane","NC-17"
"Tracy Cider","G"
"Trading Pinocchio","PG"
"Traffic Hobbit","G"
"Trainspotting Strangers","PG-13"
"Tramp Others","PG"
"Translation Summer","PG-13"
"Trap Guys","G"
"Treasure Command","PG-13"
"Treatment Jekyll","PG"
"Trip Newton","PG-13"
"Trojan Tomorrow","PG"
"Trouble Date","PG"
"Truman Crazy","G"
"Turn Star","G"
"Twisted Pirates","PG"
"Tycoon Gathering","G"
"Unbreakable Karate","G"
"Uncut Suicides","PG-13"
"Undefeated Dalmations","PG-13"
"Unforgiven Zoolander","PG"
"Untouchables Sunrise","NC-17"
"Uprising Uptown","NC-17"
"Uptown Young","PG"
"Usual Untouchables","PG-13"
"Valentine Vanishing","PG-13"
"Valley Packer","G"
"Vampire Whale","NC-17"
"Vanilla Day","NC-17"
"Vanishing Rocky","NC-17"
"Varsity Trip","NC-17"
"Victory Academy","PG-13"
"Videotape Arsenic","NC-17"
"Vietnam Smoochy","PG-13"
"Villain Desperate","PG-13"
"Virgin Daisy","PG-13"
"Virtual Spoilers","NC-17"
"Vision Torque","PG-13"
"Voice Peach","PG-13"
"Volcano Texas","NC-17"
"Volume House","PG"
"Voyage Legally","PG-13"
"Wagon Jaws","PG"
"Wait Cider","PG-13"
"Wake Jaws","G"
"Walls Artist","PG"
"Wanda Chamber","PG-13"
"War Notting","G"
"Wardrobe Phantom","G"
"Warlock Werewolf","G"
"Wars Pluto","G"
"Wasteland Divine","PG"
"Watch Tracy","PG"
"Waterfront Deliverance","G"
"Watership Frontier","G"
"Wedding Apollo","PG"
"Werewolf Lola","G"
"West Lion","G"
"Westward Seabiscuit","NC-17"
"Whale Bikini","PG-13"
"Whisperer Giant","PG-13"
"Wife Turn","NC-17"
"Witches Panic","NC-17"
"Wizard Coldblooded","PG"
"Wolves Desire","NC-17"
"Won Dares","PG"
"Wonderful Drop","NC-17"
"Wonderland Christmas","PG"
"Wonka Sea","NC-17"
"Words Hunter","PG"
"World Leathernecks","PG-13"
"Worst Banger","PG"
"Wrath Mile","NC-17"
"Wrong Behavior","PG-13"
"Wyoming Storm","PG-13"
"Young Language","G"
"Youth Kick","NC-17"
"Zhivago Core","NC-17"
"Zorro Ark","NC-17"
