"customer_id","first_name","last_name","address","city","phone"
375,"Aaron","Selby","1049 Matamoros Parkway","Gulbarga","960505250340"
367,"Adam","Gooch","1163 London Parkway","Belm","675120358494"
525,"Adrian","Clary","1949 Sanya Street","Isesaki","132100972047"
217,"Agnes","Bishop","1001 Miyakonojo Lane","Taizz","584316724815"
389,"Alan","Kahn","500 Lincoln Parkway","Huaian","550306965159"
352,"Albert","Crouse","1673 Tangail Drive","Daugavpils","627924259271"
568,"Alberto","Henning","1342 Sharja Way","Sokoto","946114054231"
454,"Alex","Gresham","956 Nam Dinh Manor","Sirjan","474047727727"
439,"Alexander","Fennell","1351 Aparecida de Goinia Parkway","Ozamis","959834530529"
423,"Alfred","Casillas","437 Chungho Drive","San Felipe de Puerto Plata","491271355190"
567,"Alfredo","Mcadams","1894 Boa Vista Way","Garland","239357986667"
51,"Alice","Stewart","686 Garland Manor","Juazeiro do Norte","69493378813"
152,"Alicia","Mills","1952 Pune Lane","Saint-Denis","354615066969"
548,"Allan","Cornish","1658 Cuman Loop","Pangkal Pinang","784907335610"
412,"Allen","Butterfield","1639 Saarbrcken Drive","Rustenburg","328494873422"
228,"Allison","Stanley","60 Poos de Caldas Street","Jodhpur","963063788669"
196,"Alma","Austin","9 San Miguel de Tucumn Manor","Firozabad","956188728558"
467,"Alvin","Deloach","1621 Tongliao Avenue","Usolje-Sibirskoje","209342540247"
40,"Amanda","Carter","334 Munger (Monghyr) Lane","Arak","481183273622"
139,"Amber","Dixon","943 Johannesburg Avenue","Pune","90921003005"
32,"Amy","Lopez","1425 Shikarpur Manor","Munger (Monghyr)","678220867005"
181,"Ana","Bradley","146 Johannesburg Way","Matamoros","953689007081"
515,"Andre","Rapp","886 Tonghae Place","Kamyin","711928348157"
81,"Andrea","Henderson","1692 Ede Loop","Araatuba","918711376618"
333,"Andrew","Purdy","1860 Taguig Loop","Ciparay","38158430589"
582,"Andy","Vanhorn","1568 Celaya Parkway","Fengshan","278669994384"
503,"Angel","Barclay","1416 San Juan Bautista Tuxtepec Avenue","Salala","144206758053"
29,"Angela","Hernandez","934 San Felipe de Puerto Plata Street","Shikarpur","196495945706"
136,"Anita","Morales","898 Belm Manor","Botshabelo","707169393853"
48,"Ann","Evans","1998 Halifax Drive","Lipetsk","177727722820"
33,"Anna","Hill","786 Aurora Avenue","Shimonoseki","18461860151"
85,"Anne","Powell","320 Baiyin Parkway","Mahajanga","223664661973"
175,"Annette","Olson","316 Uruapan Street","Ipoh","275788967899"
97,"Annie","Russell","832 Nakhon Sawan Manor","Zalantun","275595571388"
320,"Anthony","Schwab","1542 Lubumbashi Boulevard","Bat Yam","508800331065"
398,"Antonio","Meek","954 Lapu-Lapu Way","Korolev","737229003916"
142,"April","Burns","1587 Sullana Lane","Hohhot","468060467018"
225,"Arlene","Harvey","1926 Gingoog Street","Syrakusa","469738825391"
556,"Armando","Gruber","346 Cam Ranh Avenue","Zhoushan","978430786151"
522,"Arnold","Havens","1768 Udine Loop","Battambang","448876499197"
346,"Arthur","Simpkins","1217 Konotop Avenue","Ede","718917251754"
63,"Ashley","Richardson","1213 Ranchi Parkway","Mysore","800024380485"
173,"Audrey","Ray","1294 Firozabad Drive","Pingxiang","161801569569"
599,"Austin","Cintron","1895 Zhezqazghan Drive","Garden Grove","137809746111"
4,"Barbara","Jones","1411 Lillydale Drive","Woodridge","6172235589"
438,"Barry","Lovelace","596 Huixquilucan Place","Naala-Porto","342709348083"
170,"Beatrice","Arnold","710 San Felipe del Progreso Avenue","Lilongwe","843801144113"
287,"Becky","Miles","1405 Chisinau Place","Ponce","62781725285"
510,"Ben","Easter","48 Maracabo Place","Talavera","82671830126"
364,"Benjamin","Varney","1623 Kingstown Drive","Almirante Brown","296394569728"
440,"Bernard","Colby","722 Bradford Lane","Junan","746251338300"
172,"Bernice","Willis","475 Atinsk Way","Jinchang","201705577290"
156,"Bertha","Ferguson","1963 Moscow Place","Nagaon","761379480249"
221,"Bessie","Morrison","866 Shivapuri Manor","Sambhal","778502731092"
199,"Beth","Franklin","1792 Valle de la Pascua Place","Siegen","419419591240"
14,"Betty","White","1531 Sal Drive","Esfahan","648856936185"
73,"Beverly","Brooks","1031 Daugavpils Parkway","Bchar","107137400143"
457,"Bill","Gavin","535 Ahmadnagar Manor","Abu Dhabi","985109775584"
278,"Billie","Horton","144 South Hill Loop","Salamanca","45387294817"
371,"Billy","Poulin","1912 Emeishan Drive","Balikesir","99883471275"
564,"Bob","Pfeiffer","505 Madiun Boulevard","Wroclaw","970638808606"
288,"Bobbie","Craig","226 Halifax Street","Korla","790651020929"
381,"Bobby","Boudreau","1618 Olomouc Manor","Kurgan","96846695220"
88,"Bonnie","Hughes","125 Citt del Vaticano Boulevard","Atlixco","48417642933"
517,"Brad","Mccurdy","548 Uruapan Street","London","879347453467"
426,"Bradley","Motley","1661 Abha Drive","Pudukkottai","270456873752"
366,"Brandon","Huey","114 Jalib al-Shuyukh Manor","Yaound","845378657301"
276,"Brandy","Graves","1675 Xiangfan Manor","Kumbakonam","271149517630"
31,"Brenda","Wright","217 Botshabelo Place","Davao","665356572025"
493,"Brent","Harkins","184 Mandaluyong Street","La Paz","488425406814"
502,"Brett","Cornwell","1515 Korla Way","York","959467760895"
318,"Brian","Wyman","1774 Yaound Place","Ezhou","613124286867"
187,"Brittany","Riley","1839 Szkesfehrvr Parkway","Luzinia","947468818183"
365,"Bruce","Schwarz","1009 Zanzibar Lane","Arecibo","102396298916"
400,"Bryan","Hardison","1152 Citrus Heights Manor","al-Qadarif","765957414528"
573,"Byron","Box","1407 Surakarta Manor","Serpuhov","324346485054"
453,"Calvin","Martel","319 Springs Loop","Erlangen","72524459905"
345,"Carl","Artis","68 Ponce Parkway","Hanoi","870635127812"
202,"Carla","Gutierrez","955 Bamenda Way","Ikerre","768481779568"
379,"Carlos","Coughlin","1133 Rizhao Avenue","Vitria de Santo Anto","600264533987"
111,"Carmen","Owens","1532 Dzerzinsk Way","Merlo","330838016880"
18,"Carol","Garcia","770 Bydgoszcz Avenue","Citrus Heights","517338314235"
275,"Carole","Barnett","906 Goinia Way","Kalisz","701767622697"
248,"Caroline","Bowman","582 Papeete Loop","Lapu-Lapu","569868543137"
42,"Carolyn","Perez","269 Cam Ranh Parkway","Chisinau","489783829737"
129,"Carrie","Porter","569 Baicheng Lane","Boksburg","490211944645"
566,"Casey","Mena","1229 Varanasi (Benares) Manor","Avellaneda","817740355461"
269,"Cassandra","Walters","446 Kirovo-Tepetsk Lane","Higashiosaka","303967439816"
46,"Catherine","Campbell","1632 Bislig Avenue","Pak Kret","471675840679"
163,"Cathy","Spencer","1440 Compton Place","Linz","931059836497"
512,"Cecil","Vines","1269 Ipoh Avenue","Eskisehir","402630109080"
419,"Chad","Carbone","397 Sunnyvale Avenue","Allende","680851640676"
220,"Charlene","Alvarez","1201 Qomsheh Manor","Aparecida de Goinia","873492228462"
306,"Charles","Kowalski","1883 Maikop Lane","Kaliningrad","96110042435"
495,"Charlie","Bess","656 Matamoros Drive","Sogamoso","17305839123"
130,"Charlotte","Hunter","1666 Qomsheh Drive","Po","582835362905"
59,"Cheryl","Murphy","1697 Kowloon and New Kowloon Loop","Balaiha","499352017190"
511,"Chester","Benner","1152 al-Qatif Lane","Pontianak","131370665218"
394,"Chris","Brothers","753 Ilorin Avenue","Emeishan","464511145118"
534,"Christian","Jung","486 Ondo Parkway","Benguela","105882218332"
70,"Christina","Ramirez","1150 Kimchon Manor","Malm","663449333709"
43,"Christine","Roberts","306 Antofagasta Place","Vila Velha","378318851631"
309,"Christopher","Greco","827 Yuncheng Drive","Callao","504434452842"
260,"Christy","Vargas","127 Iwakuni Boulevard","Hagonoy","987442542471"
113,"Cindy","Fisher","682 Junan Way","Klerksdorp","622255216127"
144,"Clara","Shaw","1666 Beni-Mellal Place","Clarksville","9099941466"
391,"Clarence","Gamez","1793 Meixian Place","Kamjanets-Podilskyi","619966287415"
528,"Claude","Herzog","1176 Southend-on-Sea Manor","Santa Rosa","236679267178"
234,"Claudia","Fuller","1256 Bislig Boulevard","Botosani","479007229460"
551,"Clayton","Barbee","182 Nukualofa Drive","Konotop","426346224043"
447,"Clifford","Bowens","105 Dzerzinsk Manor","Tongliao","240776414296"
577,"Clifton","Malcolm","1501 Pangkal Pinang Avenue","Plock","770864062795"
537,"Clinton","Buford","958 Sagamihara Lane","Kuwana","427274926505"
485,"Clyde","Tobias","984 Novoterkassk Loop","Gaziantep","435118527255"
544,"Cody","Nolen","183 Haiphong Street","Baicheng","488600270038"
227,"Colleen","Burton","1820 Maring Parkway","Mandi Bahauddin","99760893676"
106,"Connie","Wallace","659 Vaduz Drive","Ashdod","709935135487"
232,"Constance","Reid","754 Valencia Place","Phnom Penh","594319417514"
480,"Corey","Hauser","421 Yaound Street","ostka","726875628268"
527,"Cory","Meehan","1993 0 Loop","Yingkou","25865528181"
245,"Courtney","Day","1103 Bilbays Parkway","Xiangfan","279979529227"
388,"Craig","Morrell","368 Hunuco Boulevard","Namibe","106439158941"
102,"Crystal","Ford","669 Firozabad Loop","al-Ayn","412903167998"
410,"Curtis","Irby","88 Nagaon Manor","Tandil","779461480495"
28,"Cynthia","Young","96 Tafuna Way","Crdoba","934730187245"
295,"Daisy","Bates","544 Tarsus Boulevard","Valle de la Pascua","892523334"
407,"Dale","Ratcliff","1346 Mysore Drive","Brest","516647474029"
477,"Dan","Paine","1786 Salinas Place","Nam Dinh","206060652238"
179,"Dana","Hart","431 Xiangtan Avenue","Allappuzha (Alleppey)","230250973122"
310,"Daniel","Cabral","913 Coacalco de Berriozbal Loop","Arlington","262088367001"
150,"Danielle","Daniels","879 Newcastle Way","Sterling Heights","206841104594"
399,"Danny","Isom","331 Bydgoszcz Parkway","Gijn","537374465982"
157,"Darlene","Rose","456 Escobar Way","Jakarta","719202533520"
463,"Darrell","Power","935 Aden Boulevard","Tegal","335052544020"
541,"Darren","Windham","195 Ilorin Street","NDjamna","8912935608"
530,"Darryl","Ashcraft","1003 Qinhuangdao Street","Purwakarta","35533115997"
579,"Daryl","Larue","521 San Juan Bautista Tuxtepec Place","Zhezqazghan","844018348565"
569,"Dave","Gardiner","1342 Abha Boulevard","Bucuresti","997453607116"
304,"David","Royal","1635 Kuwana Boulevard","Hiroshima","710603868323"
105,"Dawn","Sullivan","733 Mandaluyong Place","Abha","196568435814"
471,"Dean","Sauer","1322 Mosul Parkway","Dongying","268053970382"
261,"Deanna","Byrd","51 Laredo Avenue","Monywa","884536620568"
141,"Debbie","Reyes","1749 Daxian Place","Apeldoorn","963369996279"
25,"Deborah","Walker","262 A Corua (La Corua) Parkway","Tangail","892775750063"
39,"Debra","Nelson","391 Callao Drive","Toulouse","440512153169"
222,"Delores","Hansen","1168 Najafabad Parkway","Kabul","886649065861"
74,"Denise","Kelly","1124 Buenaventura Drive","al-Hawiya","407733804223"
338,"Dennis","Gilman","431 Szkesfehrvr Avenue","Baku","119501405123"
461,"Derek","Blakely","1889 Valparai Way","Ziguinchor","670370974122"
476,"Derrick","Bourque","270 Tambaram Parkway","Johannesburg","248446668735"
96,"Diana","Alexander","984 Effon-Alaiye Avenue","Goinia","132986892228"
50,"Diane","Collins","46 Pjatigorsk Lane","Moscow","262076994845"
279,"Dianne","Shelton","1884 Shikarpur Avenue","Karnal","959949395183"
171,"Dolores","Wagner","1540 Wroclaw Drive","Chandrapur","182363341674"
433,"Don","Bone","1823 Hoshiarpur Lane","Syktyvkar","307133768620"
313,"Donald","Mahon","1191 Sungai Petani Boulevard","Kansas City","983259819766"
17,"Donna","Thompson","270 Amroha Parkway","Osmaniye","695479687538"
249,"Dora","Medina","300 Junan Street","Uijongbu","890289150158"
55,"Doris","Reed","1135 Izumisano Parkway","Fontana","171822533480"
10,"Dorothy","Taylor","1795 Santiago de Compostela Way","Laredo","860452626434"
343,"Douglas","Graf","1443 Mardan Street","Paarl","231383037471"
513,"Duane","Tubbs","758 Korolev Parkway","Vijayawada","441628280920"
474,"Dustin","Gillette","1469 Plock Lane","Ourense (Orense)","622884741180"
554,"Dwayne","Olvera","947 Trshavn Place","Tarlac","50898428626"
555,"Dwight","Lombardi","1764 Jalib al-Shuyukh Parkway","Santiago de Compostela","84794532510"
396,"Earl","Shanks","767 Pyongyang Drive","Izumisano","667736124769"
434,"Eddie","Tomlin","1404 Taguig Drive","Tsuyama","572068624538"
507,"Edgar","Rhoads","1197 Sokoto Boulevard","Siliguri (Shiliguri)","868602816371"
117,"Edith","Mcdonald","1079 Tel Aviv-Jaffa Boulevard","Cuman","358178933857"
109,"Edna","West","454 Nakhon Sawan Boulevard","Funafuti","963887147572"
594,"Eduardo","Hiatt","1464 Kursk Parkway","Weifang","338758048786"
317,"Edward","Baugh","780 Kimberley Way","Tabuk","824396883951"
432,"Edwin","Burk","259 Ipoh Drive","Guaruj","419009857119"
205,"Eileen","Carr","68 Molodetno Manor","Witten","146640639760"
127,"Elaine","Stevens","117 Boa Vista Way","Varanasi (Benares)","677976133614"
148,"Eleanor","Hunt","1027 Songkhla Manor","Molodetno","563660187896"
5,"Elizabeth","Brown","1913 Hanoi Way","Sasebo","28303384290"
210,"Ella","Oliver","1304 s-Hertogenbosch Way","Blumenau","90336226227"
126,"Ellen","Simpson","1175 Tanauan Way","Lima","937222955822"
516,"Elmer","Noe","1574 Goinia Boulevard","Suihua","59634255214"
198,"Elsie","Kelley","345 Oshawa Boulevard","Hino","104491201771"
99,"Emily","Diaz","1697 Tanauan Lane","Pathankot","4764773857"
134,"Emma","Boyd","758 Junan Lane","guas Lindas de Gois","935448624185"
596,"Enrique","Forsythe","1759 Niznekamsk Avenue","al-Manama","864392582257"
331,"Eric","Robert","1016 Iwakuni Street","Kingstown","961370847344"
169,"Erica","Matthews","154 Tallahassee Loop","Hami","935508855935"
529,"Erik","Guillen","600 Purnea (Purnia) Avenue","Vinh","638409958875"
298,"Erika","Pena","44 Najafabad Way","Donostia-San Sebastin","96604821070"
160,"Erin","Dunn","1367 Yantai Manor","Ondo","889538496300"
384,"Ernest","Stepp","97 Mogiljov Lane","Bhavnagar","924815207181"
132,"Esther","Crawford","1050 Garden Grove Avenue","Jastrzebie-Zdrj","973047364353"
125,"Ethel","Webb","211 Chiayi Drive","Etawah","665993880048"
378,"Eugene","Culpepper","1191 Tandil Drive","Tanauan","45554316010"
140,"Eva","Ramos","788 Atinsk Street","Hubli-Dharwad","146497509724"
57,"Evelyn","Morgan","17 Kabul Boulevard","Nagareyama","697760867968"
559,"Everett","Banda","1917 Kumbakonam Parkway","Novi Sad","698182547686"
283,"Felicia","Sutton","457 Tongliao Loop","Inegl","880756161823"
557,"Felix","Gaffney","1407 Pachuca de Soto Place","Alvorada","380077794770"
536,"Fernando","Churchill","166 Jinchang Street","Ezeiza","717566026669"
107,"Florence","Woods","1177 Jelets Way","Ilorin","484292626944"
465,"Floyd","Gandy","734 Tanshui Avenue","Florencia","366776723320"
47,"Frances","Parker","1447 Imus Way","Faaa","539758313890"
425,"Francis","Sikes","1866 al-Qatif Avenue","El Monte","546793516940"
443,"Francisco","Skidmore","1836 Korla Parkway","Kitwe","689681677428"
329,"Frank","Waggoner","867 Benin City Avenue","Yuzhou","168884817145"
514,"Franklin","Troutman","1747 Rustenburg Place","Chapra","442673923363"
369,"Fred","Wheat","817 Laredo Avenue","Guadalajara","151249681135"
597,"Freddie","Duggan","32 Liaocheng Way","Juiz de Fora","410877354933"
429,"Frederick","Isbell","1269 Botosani Manor","Shanwei","736517327853"
155,"Gail","Knight","1560 Jelets Boulevard","Laiwu","189446090264"
324,"Gary","Coy","1145 Vilnius Manor","San Felipe del Progreso","674805712553"
498,"Gene","Sanborn","319 Plock Parkway","Sultanbeyli","854259976812"
314,"George","Linton","1224 Huejutla de Reyes Boulevard","Brescia","806016930576"
231,"Georgia","Jacobs","430 Alessandria Loop","Saarbrcken","669828224459"
356,"Gerald","Fultz","1378 Beira Loop","Zeleznogorsk","840957664136"
161,"Geraldine","Perkins","1386 Nakhon Sawan Boulevard","Pyongyang","368899174225"
207,"Gertrude","Castillo","1688 Nador Lane","Gorontalo","652218196731"
497,"Gilbert","Sledge","1013 Tabuk Boulevard","Kanchrapara","158399646978"
213,"Gina","Williamson","43 Dadu Avenue","Bhilwara","95666951770"
103,"Gladys","Hamilton","588 Vila Velha Manor","Kimchon","333339908719"
486,"Glen","Talbert","64 Korla Street","Mwanza","510383179153"
242,"Glenda","Frazier","1964 Gijn Manor","Shimoga","918119601885"
415,"Glenn","Pullen","432 Garden Grove Street","Richmond Hill","615964523510"
56,"Gloria","Cook","939 Probolinggo Loop","A Corua (La Corua)","680428310138"
470,"Gordon","Allard","1088 Ibirit Place","Zapopan","49084281333"
114,"Grace","Ellis","804 Elista Drive","Enshi","379804592943"
472,"Greg","Robins","1447 Chatsworth Place","Cuauhtmoc","769370126331"
335,"Gregory","Mauldin","587 Benguela Manor","Aurora","165450987037"
550,"Guy","Brownlee","1715 Okayama Street","So Bernardo do Campo","169352919175"
264,"Gwendolyn","May","1027 Banjul Place","Halisahar","538241037443"
342,"Harold","Martino","124 al-Manama Way","Onomichi","647899404952"
368,"Harry","Arce","1658 Jastrzebie-Zdrj Loop","Nyeri","568367775448"
523,"Harvey","Guajardo","608 Birgunj Parkway","Chungho","627425618482"
138,"Hazel","Warren","765 Southampton Drive","Qalyub","23712411567"
53,"Heather","Morris","725 Isesaki Place","Jedda","876295323994"
487,"Hector","Poindexter","1785 So Bernardo do Campo Street","Coatzacoalcos","684529463244"
241,"Heidi","Larson","647 A Corua (La Corua) Street","Naju","792557457753"
15,"Helen","Harris","1542 Tarlac Parkway","Sagamihara","635297277345"
344,"Henry","Billingsley","1909 Benguela Lane","Xinxiang","624138001031"
428,"Herbert","Kruger","1727 Matamoros Place","Sawhaj","129673677866"
481,"Herman","Devore","1153 Allende Way","Gatineau","856872225376"
263,"Hilda","Hopkins","532 Toulon Street","Santiago de los Caballeros","46871694740"
186,"Holly","Fox","533 al-Ayn Boulevard","Compton","662227486184"
377,"Howard","Fortner","154 Oshawa Manor","Probolinggo","440365973660"
552,"Hugh","Waldrop","390 Wroclaw Way","Sanya","357593328658"
561,"Ian","Still","1497 Fengshan Drive","Chatsworth","368738360376"
183,"Ida","Andrews","1089 Iwatsuki Avenue","Kirovo-Tepetsk","866092335135"
76,"Irene","Price","89 Allappuzha (Alleppey) Manor","Taguig","255800440636"
255,"Irma","Pearson","1966 Tonghae Street","Halle/Saale","567359279425"
575,"Isaac","Oglesby","1052 Pathankot Avenue","Leshan","128499386727"
570,"Ivan","Cromwell","415 Pune Avenue","Xintai","203202500108"
351,"Jack","Foust","1157 Nyeri Loop","Maikop","262744791493"
235,"Jackie","Lynch","954 Kimchon Place","Uttarpara-Kotrung","541327526474"
420,"Jacob","Lance","992 Klerksdorp Loop","Amersfoort","855290087237"
86,"Jacqueline","Long","927 Baha Blanca Parkway","Simferopol","821972242086"
565,"Jaime","Nettles","1741 Hoshiarpur Boulevard","Bilbays","855066328617"
299,"James","Gannon","32 Pudukkottai Lane","Dayton","967274728547"
531,"Jamie","Waugh","1986 Sivas Place","Udine","182059202712"
146,"Jamie","Rice","483 Ljubertsy Parkway","Dundee","581174211853"
77,"Jane","Bennett","1947 Poos de Caldas Boulevard","Chiayi","427454485876"
45,"Janet","Phillips","42 Brindisi Place","Yerevan","42384721397"
66,"Janice","Ward","1717 Guadalajara Lane","Saint Louis","914090181665"
524,"Jared","Ely","680 A Corua (La Corua) Manor","Sivas","158326114853"
322,"Jason","Morrissey","1359 Zhoushan Parkway","Trshavn","46568045367"
535,"Javier","Elrod","635 Brest Manor","Bhimavaram","80593242951"
450,"Jay","Robb","203 Tambaram Street","Escobar","411549550611"
58,"Jean","Bell","1964 Allappuzha (Alleppey) Street","Iwakuni","920811325222"
191,"Jeanette","Greene","140 Chiayi Parkway","Sumy","855863906434"
200,"Jeanne","Lawson","1074 Binzhou Manor","Mannheim","331132568928"
418,"Jeff","East","126 Acua Parkway","Berhampore (Baharampur)","480039662421"
416,"Jeffery","Pinson","1445 Carmen Parkway","Cianjur","598912394463"
328,"Jeffrey","Spear","479 San Felipe del Progreso Avenue","Cuautla","869051782691"
265,"Jennie","Terry","1158 Mandi Bahauddin Parkway","Datong","276555730211"
6,"Jennifer","Davis","1121 Loja Avenue","San Bernardino","838635286649"
282,"Jenny","Castro","556 Baybay Manor","Ogbomosho","363982224739"
374,"Jeremy","Hurtado","433 Florencia Street","Jurez","561729882725"
464,"Jerome","Kenyon","76 Kermanshah Manor","Qomsheh","762361821578"
337,"Jerry","Jordon","1838 Tabriz Lane","Dhaka","38988715447"
387,"Jesse","Schilling","401 Sucre Boulevard","Manchester","486395999608"
26,"Jessica","Hall","28 Charlotte Amalie Street","Sal","161968374323"
215,"Jessie","Banks","1333 Haldia Street","Fuyu","408304391718"
533,"Jessie","Milam","556 Asuncin Way","Mogiljov","338244023543"
427,"Jesus","Mccartney","1557 Cape Coral Parkway","Laohekou","368284120423"
159,"Jill","Hawkins","185 Novi Sad Place","Bern","904253967161"
451,"Jim","Rea","1704 Tambaram Manor","Uluberia","39463554936"
558,"Jimmie","Eggleston","904 Clarksville Drive","Haining","955349440539"
397,"Jimmy","Schrader","614 Pak Kret Street","Addis Abeba","47808359842"
250,"Jo","Fowler","829 Grand Prairie Way","Maring","741070712873"
62,"Joan","Cooper","1114 Liepaja Street","Kuching","212869228936"
164,"Joann","Gardner","1623 Baha Blanca Manor","Ljubertsy","149981248346"
147,"Joanne","Robertson","374 Bat Yam Boulevard","Kilis","923261616249"
349,"Joe","Gilliland","1516 Escobar Drive","Nukualofa","64536069371"
431,"Joel","Francisco","1596 Acua Parkway","Purnea (Purnia)","157133457169"
300,"John","Farnsworth","661 Chisinau Lane","Kolpino","816436065431"
571,"Johnnie","Chisholm","1746 Faaa Way","Hunuco","863080561151"
395,"Johnny","Turpin","1337 Mit Ghamr Avenue","Nakhon Sawan","175283210378"
455,"Jon","Wiles","1947 Paarl Way","Surakarta","834061016202"
353,"Jonathan","Scarborough","381 Kabul Way","Hsichuh","55477302294"
560,"Jordan","Archuleta","1447 Imus Place","Rajkot","62127829280"
473,"Jorge","Olivares","1257 Guadalajara Street","Bijapur","195337700615"
326,"Jose","Andrew","470 Boksburg Street","Birgunj","908029859266"
307,"Joseph","Joy","1908 Gaziantep Place","Tiefa","108053751300"
121,"Josephine","Gomez","1967 Sincelejo Place","Gandhinagar","577812616052"
336,"Joshua","Mark","430 Kumbakonam Drive","Santa F","105470691550"
230,"Joy","George","201 Effon-Alaiye Way","Asuncin","684192903087"
49,"Joyce","Edwards","1718 Valencia Street","Antofagasta","675292816413"
350,"Juan","Fraley","1628 Nagareyama Lane","San Lorenzo","20064292617"
135,"Juanita","Mason","1752 So Leopoldo Parkway","Mukateve","252265130067"
64,"Judith","Cox","81 Hodeida Way","Jaipur","250767749542"
69,"Judy","Gray","698 Otsu Street","Cayenne","409983924481"
89,"Julia","Flores","1557 Ktahya Boulevard","Bradford","720998247660"
574,"Julian","Vest","502 Mandi Bahauddin Parkway","Barcelona","618156722572"
52,"Julie","Sanchez","909 Garland Manor","Niznekamsk","705800322606"
545,"Julio","Noland","163 Augusta-Richmond County Loop","Valencia","754579047924"
176,"June","Carroll","29 Pyongyang Loop","Batman","734780743462"
354,"Justin","Ngo","953 Hodeida Street","Imus","53912826864"
13,"Karen","Jackson","613 Korolev Drive","Masqat","380657522649"
526,"Karl","Seal","617 Klerksdorp Place","Nha Trang","574973479129"
61,"Katherine","Rivera","943 Tokat Street","Vaduz","889318963672"
36,"Kathleen","Adams","176 Mandaluyong Place","Jhansi","627705991774"
82,"Kathryn","Coleman","936 Salzburg Lane","Rae Bareli","875756771675"
71,"Kathy","James","1586 Guaruj Place","Xiangtan","947233365992"
193,"Katie","Elliott","891 Novi Sad Manor","Oshawa","247646995453"
272,"Kay","Caldwell","1762 Paarl Parkway","Lengshuijiang","192459639410"
357,"Keith","Rico","1641 Changhwa Place","Bamenda","256546485220"
67,"Kelly","Torres","1214 Hanoi Way","Lincoln","491001136577"
546,"Kelly","Knott","191 Jos Azueta Parkway","Ruse","932156667696"
563,"Ken","Prewitt","1059 Yuncheng Avenue","Vilnius","107092893983"
315,"Kenneth","Gooden","543 Bergamo Avenue","Ibirit","103602195112"
591,"Kent","Arsenault","773 Dallas Manor","Quilmes","914466027044"
321,"Kevin","Schuler","651 Pathankot Loop","Miraj","139378397418"
118,"Kim","Cruz","442 Rae Bareli Place","Duisburg","886636413768"
24,"Kimberly","Lee","1688 Okara Way","Mardan","144453869132"
586,"Kirk","Stclair","951 Springs Lane","Iligan","165164761435"
194,"Kristen","Chavez","605 Rio Claro Parkway","Tabora","352469351088"
214,"Kristin","Johnston","751 Lima Loop","Aden","756460337785"
290,"Kristina","Chambers","1336 Benin City Drive","Otsu","341242939532"
547,"Kurt","Emmons","379 Lublin Parkway","Livorno","921960450089"
424,"Kyle","Spurlock","1948 Bayugan Parkway","Katihar","987306329957"
543,"Lance","Pemberton","43 Vilnius Manor","Aurora","484500282381"
327,"Larry","Thrasher","1427 A Corua (La Corua) Place","Baha Blanca","972574862516"
22,"Laura","Rodriguez","320 Brest Avenue","Kaduna","747791594069"
162,"Lauren","Hudson","369 Papeete Way","Greensboro","170117068815"
192,"Laurie","Lawrence","1166 Changhwa Street","Bayugan","650752094490"
361,"Lawrence","Lawton","45 Aparecida de Goinia Place","Satna","650496654258"
270,"Leah","Curtis","682 Halisahar Place","Olomouc","475553436330"
421,"Lee","Hawks","966 Arecibo Loop","Dadu","15273765306"
259,"Lena","Jensen","1338 Zalantun Lane","Poos de Caldas","840522972766"
466,"Leo","Ebert","118 Jaffna Loop","Gingoog","325526730021"
460,"Leon","Bostic","659 Gatineau Boulevard","El Alto","205524798287"
281,"Leona","Obrien","1944 Bamenda Way","Warren","75975221996"
405,"Leonard","Schofield","530 Lausanne Lane","Dallas","775235029633"
442,"Leroy","Bustamante","1245 Ibirit Way","La Romana","331888642162"
143,"Leslie","Gordon","1029 Dzerzinsk Manor","Touliu","33173584456"
506,"Leslie","Seward","414 Mandaluyong Street","Lublin","52709222667"
492,"Lester","Kraus","185 Mannheim Lane","Pjatigorsk","589377568313"
478,"Lewis","Lyman","1078 Stara Zagora Drive","Lhokseumawe","932992626595"
98,"Lillian","Griffin","152 Kitwe Parkway","Bislig","835433605312"
233,"Lillie","Kim","356 Olomouc Manor","Anpolis","22326410776"
3,"Linda","Williams","23 Workhaven Lane","Lethbridge","14033335568"
11,"Lisa","Anderson","900 Santiago de Compostela Parkway","Kragujevac","716571220373"
458,"Lloyd","Dowd","138 Caracas Boulevard","Maracabo","974433019532"
91,"Lois","Butler","1740 Portoviejo Avenue","Sincelejo","198123170793"
542,"Lonnie","Tirado","193 Bhusawal Place","Tonghae","745267607502"
189,"Loretta","Carpenter","927 Barcelona Street","Shahr-e Kord","951486492670"
78,"Lori","Wood","1206 Dos Quebradas Place","Rio Claro","241832790687"
165,"Lorraine","Stephens","97 Shimoga Avenue","Tel Aviv-Jaffa","177167004331"
373,"Louis","Leone","1922 Miraj Way","Najafabad","320471479776"
83,"Louise","Jenkins","586 Tete Way","Kamakura","18581624103"
145,"Lucille","Holmes","928 Jaffna Loop","Fukuyama","581852137991"
208,"Lucy","Wheeler","1215 Pyongyang Parkway","Usak","646237101779"
402,"Luis","Yanez","616 Hagonoy Avenue","Atinsk","604177838256"
243,"Lydia","Burke","47 Syktyvkar Lane","Ciomas","63937119031"
166,"Lynn","Payne","1740 Le Mans Loop","Le Mans","168476538960"
256,"Mabel","Holland","1497 Yuzhou Drive","London","246810237916"
293,"Mae","Fletcher","86 Higashiosaka Lane","Valle de Santiago","957128697225"
408,"Manuel","Murrell","990 Etawah Loop","Valparai","206169448769"
499,"Marc","Outlaw","1954 Kowloon and New Kowloon Way","Robamba","898559280434"
236,"Marcia","Dean","885 Yingkou Manor","Zaria","588964509072"
444,"Marcus","Hidalgo","231 Kaliningrad Place","Bergamo","575081026569"
9,"Margaret","Moore","53 Idfu Parkway","Nantou","10655648674"
267,"Margie","Wade","816 Cayenne Parkway","Portoviejo","282874611748"
7,"Maria","Miller","692 Joliet Street","Athenai","448477190408"
246,"Marian","Mendoza","1246 Boksburg Parkway","Qinhuangdao","890283544295"
44,"Marie","Turner","671 Graz Street","Nador","680768868518"
80,"Marilyn","Ross","602 Paarl Street","Pavlodar","896314772871"
441,"Mario","Cheatham","983 Santa F Way","Vancouver","145720452260"
178,"Marion","Snyder","1848 Salala Boulevard","Ocumare del Tuy","48265851133"
588,"Marion","Ocampo","966 Asuncin Way","Huejutla de Reyes","995527378381"
128,"Marjorie","Tucker","848 Tafuna Manor","Ktahya","614935229095"
312,"Mark","Rinehart","1354 Siegen Street","Angra dos Reis","573441801529"
240,"Marlene","Welch","1479 Rustenburg Boulevard","Tanza","727785483194"
583,"Marshall","Thorn","1489 Kakamigahara Lane","Tanshui","29341849811"
38,"Martha","Gonzalez","61 Tama Street","Kurashiki","708403338270"
383,"Martin","Bales","686 Donostia-San Sebastin Lane","Shenzhen","71857599858"
413,"Marvin","Yee","692 Amroha Drive","Jaffna","359478883004"
1,"Mary","Smith","47 MySakila Drive","Lethbridge",""
539,"Mathew","Bolin","1332 Gaziantep Lane","Binzhou","383353187467"
323,"Matthew","Mahan","1769 Iwaki Lane","Bydgoszcz","556100547674"
252,"Mattie","Hoffman","1309 Weifang Street","Tallahassee","435785045362"
226,"Maureen","Little","810 Palghat (Palakkad) Boulevard","Jaroslavl","516331171356"
482,"Maurice","Crawley","808 Naala-Porto Parkway","Stockport","553452430707"
553,"Max","Pitt","1421 Quilmes Lane","Kanazawa","135407755975"
254,"Maxine","Silva","786 Stara Zagora Way","Oyo","716256596301"
151,"Megan","Palmer","1337 Lincoln Parkway","Urawa","597815221267"
188,"Melanie","Armstrong","741 Ambattur Manor","s-Hertogenbosch","302590383819"
223,"Melinda","Fernandez","1244 Allappuzha (Alleppey) Place","Vicente Lpez","991802825778"
30,"Melissa","King","18 Duisburg Boulevard","Citt del Vaticano","998009777982"
422,"Melvin","Ellington","289 Santo Andr Manor","al-Qatif","214976066017"
302,"Michael","Silverman","922 Vila Velha Loop","Ahmadnagar","510737228015"
445,"Micheal","Forman","495 Bhimavaram Lane","Dhule (Dhulia)","82088937724"
154,"Michele","Grant","781 Shimonoseki Drive","Hidalgo","632316273199"
21,"Michelle","Clark","270 Toulon Boulevard","Elista","407752414682"
448,"Miguel","Betancourt","614 Denizli Parkway","So Leopoldo","876491807547"
403,"Mike","Way","1190 0 Place","Bag","841876514789"
60,"Mildred","Bailey","1668 Saint Louis Place","Papeete","347487831378"
508,"Milton","Howland","496 Celaya Drive","Ueda","759586584889"
239,"Minnie","Romero","98 Stara Zagora Boulevard","Buenaventura","610173756082"
285,"Miriam","Mckinney","1006 Santa Brbara dOeste Manor","Owo","85059738746"
292,"Misty","Lambert","1993 Tabuk Lane","Tambaram","648482415405"
520,"Mitchell","Westmoreland","1778 Gijn Manor","Zaoyang","288910576761"
131,"Monica","Hicks","801 Hagonoy Drive","Smolensk","237426099212"
576,"Morris","Mccarter","1351 Sousse Lane","Monclova","203804046132"
258,"Myrtle","Fleming","752 Ondo Loop","Miyakonojo","134673576619"
12,"Nancy","Thomas","478 Joliet Way","Hamilton","657282285970"
274,"Naomi","Jennings","920 Kumbakonam Loop","Salinas","685010736240"
216,"Natalie","Meyer","660 Jedda Boulevard","Bellevue","168758068397"
406,"Nathan","Runyon","454 Patiala Lane","Koriyama","794553031307"
504,"Nathaniel","Adam","1 Valle de Santiago Avenue","Brindisi","465897838272"
532,"Neil","Renner","1427 Tabuk Place","Cape Coral","214756839122"
238,"Nellie","Garrett","346 Skikda Parkway","Jalib al-Shuyukh","630424482919"
549,"Nelson","Christenson","454 Qinhuangdao Drive","Beni-Mellal","786270036240"
362,"Nicholas","Barfield","482 Kowloon and New Kowloon Manor","Bratislava","738968474939"
68,"Nicole","Peterson","1966 Amroha Avenue","Daxian","333489324603"
268,"Nina","Soto","1831 Nam Dinh Loop","Mandaluyong","322888976727"
266,"Nora","Herrera","862 Xintai Lane","Tuguegarao","265153400632"
94,"Norma","Gonzales","1952 Chatsworth Drive","Meixian","991562402283"
411,"Norman","Currier","264 Bhimavaram Manor","Charlotte Amalie","302526949177"
277,"Olga","Jimenez","85 San Felipe de Puerto Plata Drive","Yantai","170739645687"
449,"Oscar","Aquino","1289 Belm Boulevard","Tartu","237368926031"
37,"Pamela","Baker","127 Purnea (Purnia) Manor","Alessandria","911872220378"
2,"Patricia","Johnson","28 MySQL Boulevard","Woodridge",""
340,"Patrick","Newsom","507 Smolensk Loop","Sousse","80303246192"
262,"Patsy","Davidson","771 Yaound Manor","Beira","245477603573"
311,"Paul","Trout","715 So Bernardo do Campo Lane","Sungai Petani","181179321332"
95,"Paula","Bryant","1370 Le Mans Avenue","Bandar Seri Begawan","345679835036"
133,"Pauline","Henry","1854 Tieli Street","Liaocheng","509492324775"
224,"Pearl","Garza","1842 Luzinia Boulevard","Zanzibar","706878974831"
475,"Pedro","Chestnut","434 Ourense (Orense) Manor","Hodeida","562370137426"
101,"Peggy","Myers","1599 Plock Drive","Tete","817248913162"
271,"Penny","Neal","1587 Loja Manor","Salzburg","621625204422"
585,"Perry","Swafford","1208 Tama Loop","Mosul","954786054144"
341,"Peter","Menard","1920 Weifang Avenue","Rampur","869507847714"
393,"Philip","Causey","717 Changzhou Lane","Cavite","426255288071"
385,"Phillip","Holm","1642 Charlotte Amalie Drive","Tychy","821476736117"
93,"Phyllis","Foster","1926 El Alto Avenue","La Plata","846225459260"
273,"Priscilla","Lowe","1519 Ilorin Place","Palghat (Palakkad)","357445645426"
79,"Rachel","Barnes","1551 Rampur Lane","Changhwa","251164340471"
505,"Rafael","Abney","519 Brescia Parkway","Madiun","793996678771"
360,"Ralph","Madrigal","619 Hunuco Avenue","Matsue","142596392389"
494,"Ramon","Choate","591 Sungai Petani Drive","Okayama","37247325001"
296,"Ramona","Hale","1936 Cuman Avenue","Roanoke","976798660411"
437,"Randall","Neumann","1766 Almirante Brown Street","Newcastle","617567598243"
376,"Randy","Gaither","1061 Ede Avenue","Cabuyao","333390595558"
509,"Raul","Fortier","786 Matsue Way","Joliet","111177206479"
430,"Ray","Houle","355 Vitria de Santo Anto Way","San Juan Bautista Tuxtepec","548003849552"
334,"Raymond","Mcwhorter","1816 Bydgoszcz Loop","Jamalpur","965273813662"
34,"Rebecca","Scott","1668 Anpolis Street","Lungtan","525255540978"
168,"Regina","Berry","842 Salzburg Lane","Tarsus","697151428760"
500,"Reginald","Kinder","362 Rajkot Lane","Baiyin","962020153680"
593,"Rene","Mcalister","1402 Zanzibar Boulevard","Celaya","387448063440"
182,"Renee","Lane","1891 Rizhao Boulevard","Santa Brbara dOeste","391065549876"
137,"Rhonda","Kennedy","261 Saint Louis Way","Torren","321944036800"
489,"Ricardo","Meador","1297 Alvorada Parkway","Yinchuan","508348602835"
305,"Richard","Mccrary","41 El Alto Parkway","Parbhani","51917807050"
491,"Rick","Mattox","1789 Saint-Denis Parkway","Acua","936806643983"
435,"Ricky","Shelby","740 Udaipur Lane","Dzerzinsk","497288595103"
104,"Rita","Graham","1913 Kamakura Place","Jelets","942570536750"
301,"Robert","Baughman","951 Stara Zagora Manor","Patiala","429925609431"
185,"Roberta","Harper","682 Garden Grove Place","Memphis","72136330362"
484,"Roberto","Vu","98 Pyongyang Boulevard","Akron","191958435142"
100,"Robin","Hayes","1308 Arecibo Way","Augusta-Richmond County","6171054059"
409,"Rodney","Moeller","1266 Laredo Parkway","Omiya","1483365694"
348,"Roger","Quintanilla","785 Vaduz Street","Mexicali","895616862749"
521,"Roland","South","568 Dhule (Dhulia) Loop","Coquimbo","602101369463"
519,"Ron","Deluca","962 Tama Loop","Yangor","282667506728"
319,"Ronald","Weiner","1957 Yantai Lane","Sorocaba","704948322302"
456,"Ronnie","Ricketts","814 Simferopol Loop","El Fuerte","524567129902"
112,"Rosa","Reynolds","1002 Ahmadnagar Manor","Huixquilucan","371490777743"
65,"Rose","Howard","915 Ponce Place","Basel","1395251317"
204,"Rosemary","Schmidt","387 Mwene-Ditu Drive","Ashgabat","764477681869"
580,"Ross","Grey","923 Tangail Boulevard","Akishima","315528269898"
363,"Roy","Whiting","604 Bern Place","Ranchi","620719383725"
501,"Ruben","Geary","1060 Tandil Lane","Rizhao","211256301880"
90,"Ruby","Washington","870 Ashqelon Loop","Songkhla","135117278909"
380,"Russell","Brinson","1519 Santiago de los Caballeros Loop","Mwene-Ditu","409315295763"
19,"Ruth","Martinez","419 Iligan Lane","Bhopal","990911107354"
347,"Ryan","Salisbury","1293 Nam Dinh Way","Boa Vista","697656479977"
167,"Sally","Pierce","1287 Xiangfan Boulevard","Kakamigahara","819416131190"
584,"Salvador","Teel","1819 Alessandria Loop","Carmen","377633994405"
490,"Sam","Mcduffie","1909 Dayton Avenue","Shaoguan","702955450528"
177,"Samantha","Duncan","1010 Klerksdorp Way","Graz","493008546874"
358,"Samuel","Marlow","1698 Southport Loop","Pachuca de Soto","754358349853"
16,"Sandra","Martin","808 Bhopal Manor","Yamuna Nagar","465887807014"
84,"Sara","Perry","1888 Kabul Drive","Ife","701457319790"
23,"Sarah","Lewis","1417 Lancaster Avenue","Kimberley","272572357893"
330,"Scott","Shelley","981 Kumbakonam Place","Braslia","829116184079"
392,"Sean","Douglass","514 Ife Way","Lubumbashi","900235712074"
587,"Sergio","Stanfield","760 Miyakonojo Drive","Jos Azueta","294449058179"
590,"Seth","Hannon","247 Jining Parkway","Banjul","170115379190"
488,"Shane","Millard","698 Jelets Boulevard","Denizli","975185523021"
123,"Shannon","Freeman","1987 Coacalco de Berriozbal Loop","Shubra al-Khayma","787654415858"
20,"Sharon","Robinson","360 Toulouse Parkway","Southend-on-Sea","949312333307"
390,"Shawn","Heaton","102 Chapra Drive","Tama","776031833752"
124,"Sheila","Wells","241 Mosul Lane","Dos Quebradas","765345144779"
294,"Shelly","Watts","1912 Allende Manor","Kowloon and New Kowloon","172262454487"
297,"Sherri","Rhodes","1192 Tongliao Street","Sharja","350970907017"
119,"Sherry","Marshall","1107 Nakhon Sawan Avenue","Nezahualcyotl","867546627903"
27,"Shirley","Allen","1780 Hino Boulevard","Liepaja","902731229323"
572,"Sidney","Burleson","539 Hami Way","Tokat","525518075499"
284,"Sonia","Gregory","600 Bradford Street","Tabriz","117592274996"
211,"Stacey","Montgomery","850 Salala Loop","Nuuk","403404780639"
180,"Stacy","Cunningham","757 Rustenburg Avenue","Skikda","506134035434"
404,"Stanley","Scroggins","734 Bchar Place","Okara","280578750435"
247,"Stella","Moreno","1483 Pathankot Street","San Miguel de Tucumn","686015532180"
41,"Stephanie","Mitchell","1440 Fukuyama Loop","Nanyang","912257250465"
332,"Stephen","Qualls","663 Baha Blanca Parkway","Adana","834418779292"
372,"Steve","Mackenzie","230 Urawa Drive","Adoni","166898395731"
316,"Steven","Curley","746 Joliet Lane","Kursk","688485191923"
197,"Sue","Peters","447 Surakarta Loop","Kisumu","940830176580"
8,"Susan","Wilson","1566 Inegl Manor","Myingyan","705814003527"
153,"Suzanne","Nichols","782 Mosul Street","Brockton","885899703621"
120,"Sylvia","Ortiz","544 Malm Parkway","Pemalang","386759646229"
229,"Tamara","Nguyen","1014 Loja Manor","Ambattur","460795526514"
75,"Tammy","Sanders","492 Cam Ranh Street","Baybay","565018274456"
237,"Tanya","Gilbert","1736 Cavite Place","Idfu","431770603551"
203,"Tara","Ryan","1149 A Corua (La Corua) Boulevard","Haiphong","470884141195"
538,"Ted","Breaux","1817 Livorno Way","Cam Ranh","478380208348"
54,"Teresa","Rogers","115 Hidalgo Parkway","Omdurman","307703950263"
592,"Terrance","Roush","1923 Stara Zagora Lane","Tsaotun","182178609211"
595,"Terrence","Gunderson","1074 Sanaa Parkway","Loja","154124128457"
206,"Terri","Vasquez","642 Nador Drive","Bhusawal","369050085652"
253,"Terry","Carlson","1760 Oshawa Manor","Tianjin","56257502250"
355,"Terry","Grissom","469 Nakhon Sawan Street","Teboksary","689199636560"
122,"Thelma","Murray","333 Goinia Way","Grand Prairie","909029256431"
446,"Theodore","Culp","1924 Shimonoseki Drive","Batna","406784385440"
72,"Theresa","Watson","57 Arlington Manor","Shivapuri","990214419142"
308,"Thomas","Grigsby","687 Alessandria Parkway","Sanaa","407218522294"
110,"Tiffany","Jordan","1867 San Juan Bautista Tuxtepec Avenue","Ivanovo","547003310357"
468,"Tim","Cary","1844 Usak Avenue","Halifax","164414772677"
325,"Timothy","Bunn","1892 Nabereznyje Telny Lane","Tafuna","478229987054"
92,"Tina","Simmons","1942 Ciparay Parkway","Cheju","978987363654"
386,"Todd","Tan","1368 Maracabo Boulevard","South Hill","934352415130"
452,"Tom","Milner","207 Cuernavaca Loop","Nabereznyje Telny","782900030287"
459,"Tommy","Collazo","251 Florencia Drive","Uruapan","118011831565"
291,"Toni","Holt","1155 Liaocheng Place","Effon-Alaiye","558236142492"
401,"Tony","Carranza","168 Cianjur Manor","Iwatsuki","679095087143"
209,"Tonya","Chapman","1679 Antofagasta Street","Ciudad del Este","905903574913"
280,"Tracey","Barrett","1980 Kamjanets-Podilskyi Street","Peoria","874337098891"
108,"Tracy","Cole","1386 Yangor Avenue","Toulon","449216226468"
589,"Tracy","Herrmann","1584 Ljubertsy Lane","Southampton","285710089439"
417,"Travis","Estep","791 Salinas Street","Hoshiarpur","129953030512"
436,"Troy","Quigley","287 Cuautla Boulevard","Sucre","82619513349"
496,"Tyler","Wren","775 ostka Drive","Mit Ghamr","171973024401"
540,"Tyrone","Asher","949 Allende Lane","Amroha","122981120653"
149,"Valerie","Black","999 Sanaa Loop","Soshanguve","918032330119"
195,"Vanessa","Sims","1077 San Felipe de Puerto Plata Place","Novoterkassk","812824036424"
286,"Velma","Lucas","1308 Sumy Loop","Fuzhou","583021225407"
218,"Vera","Mccoy","226 Brest Manor","Sunnyvale","785881412500"
483,"Vernon","Chapa","632 Usolje-Sibirskoje Parkway","Ashqelon","667648979883"
158,"Veronica","Stone","798 Cianjur Avenue","Yuncheng","499408708580"
201,"Vicki","Fields","817 Bradford Loop","Changzhou","264286442804"
251,"Vickie","Brewer","1473 Changhwa Parkway","Coacalco de Berriozbal","266798132374"
382,"Victor","Barkley","220 Hidalgo Drive","Kermanshah","342720754566"
116,"Victoria","Gibson","793 Cam Ranh Avenue","Lancaster","824370924746"
414,"Vincent","Ralston","1936 Lapu-Lapu Parkway","Deba Habe","653436985797"
244,"Viola","Hanson","1148 Saarbrcken Parkway","Iwaki","137773001988"
289,"Violet","Rodriquez","1279 Udine Parkway","Benin City","195003555232"
581,"Virgil","Wofford","186 Skikda Lane","Cuernavaca","14465669789"
35,"Virginia","Green","33 Gorontalo Way","Kamarhati","745994947458"
184,"Vivian","Ruiz","1410 Benin City Parkway","Pereira","104150372603"
598,"Wade","Delvalle","42 Fontana Avenue","Szkesfehrvr","437829801725"
562,"Wallace","Slone","869 Shikarpur Way","Southport","590764256785"
339,"Walter","Perryman","503 Sogamoso Loop","Sumqayit","834626715837"
87,"Wanda","Patterson","929 Tallahassee Loop","Springs","800716535041"
462,"Warren","Sherrod","1485 Bratislava Place","Rockford","924663855568"
370,"Wayne","Truong","1565 Tangail Manor","Okinawa","634445428822"
115,"Wendy","Harrison","1378 Alvorada Avenue","Caracas","272234298332"
469,"Wesley","Bull","1872 Toulon Loop","Rancagua","928809465153"
578,"Willard","Lumpkin","1405 Hagonoy Avenue","Czestochowa","867287719310"
303,"William","Satterfield","898 Jining Lane","Oulu","161643343536"
219,"Willie","Howell","1229 Valencia Parkway","Stara Zagora","352679173732"
359,"Willie","Markham","519 Nyeri Manor","Santo Andr","764680915323"
212,"Wilma","Richards","624 Oshawa Boulevard","Balurghat","49677664184"
190,"Yolanda","Weaver","435 0 Way","Haldia","760171523969"
174,"Yvonne","Watkins","1877 Ezhou Lane","Udaipur","264541743403"
479,"Zachary","Hite","1854 Okara Boulevard","Emmen","131912793873"
